Symbol,Company,Sector,Status,Price,MOS price,Sticker Price,Price vs MOS,Big Five score,Debt payoff years,Growth rate used,Stale
MMM,3M,Industrials,Not yet,159.9600067138672,,,,0,9.027220630372494,-0.053143137424480624,
AOS,A. O. Smith,Industrials,Not yet,56.380001068115234,7.692512274306639,15.385024548613279,6.329205213806047,1,0.2838827838827839,0.04974486705166936,
ABT,Abbott Laboratories,Health Care,Not yet,99.5999984741211,15.168661870580397,30.337323741160795,5.5661690743660905,0,1.7483434753211629,0.07790630549984434,
ABBV,AbbVie,Health Care,Not yet,276.4700012207031,,,,1,3.6205096542433766,,
ACN,Accenture,Information Technology,Not yet,209.05999755859375,164.5679713937488,329.1359427874976,0.2703565328540898,1,0.4629393362000154,0.15,
ADBE,Adobe Inc.,Information Technology,Not yet,242.27000427246094,57.17582456164959,114.35164912329918,3.2372804612766766,4,0.6303288672350792,0.07024762456332057,
AMD,Advanced Micro Devices,Information Technology,Not yet,608.0999755859375,39.75,79.5,14.298112593356919,3,0.4783964365256125,0.15,
AES,AES Corporation,Utilities,Not yet,14.9399995803833,0.8593822453837496,1.7187644907674993,16.384580215189313,0,0.0,0.02216149547754287,
AFL,Aflac,Financials,Not yet,114.54000091552734,24.186391475325834,48.37278295065167,3.735720954172817,1,0.0,0.10431784365158703,
A,Agilent Technologies,Health Care,Not yet,170.5399932861328,14.257555502586964,28.515111005173928,10.961376777049134,1,2.6475694444444446,0.06637530055998853,
APD,Air Products,Materials,Not yet,281.260009765625,,,,1,,0.07296930974393723,
ABNB,Airbnb,Consumer Discretionary,Not yet,165.8699951171875,,,,1,,0.05198292371079938,
AKAM,Akamai Technologies,Information Technology,Not yet,106.94999694824219,9.96835554794806,19.93671109589612,9.72895087196778,0,0.0,0.06802316386906848,
ALB,Albemarle Corporation,Materials,Not yet,101.2699966430664,,,,0,4.611837981937019,0.10754802829416454,
ARE,Alexandria Real Estate Equities,Real Estate,Not yet,45.5099983215332,,,,0,,0.05036327717206279,
ALGN,Align Technology,Health Care,Not yet,142.7100067138672,84.75000000000001,169.50000000000003,0.683893884529406,1,0.0,0.15,
ALLE,Allegion,Industrials,Not yet,150.47999572753906,90.21090876680705,180.4218175336141,0.6680908970391386,3,2.8877059938748726,0.15,
LNT,Alliant Energy,Utilities,Not yet,65.8499984741211,7.462856847663104,14.925713695326207,7.823698460026225,0,,0.05584229986690459,
ALL,Allstate,Financials,Not yet,229.42999267578125,131.73075215589373,263.46150431178745,0.7416585643135751,2,0.7579437360858126,0.08817761088145093,
GOOGL,Alphabet Inc. (Class A),Communication Services,Not yet,351.6600036621094,156.6345025663736,313.2690051327472,1.245099246336828,4,0.6699560505555101,0.15,
GOOG,Alphabet Inc. (Class C),Communication Services,Not yet,347.8599853515625,156.15005504385084,312.3001100877017,1.2277288679397182,4,0.6699560505555101,0.15,
MO,Altria,Consumer Staples,Not yet,71.68000030517578,,,,1,2.8332598633458232,,
AMZN,Amazon,Consumer Discretionary,Not yet,262.42999267578125,107.55,215.1,1.4400743159068456,3,8.94554905782976,0.15,
AMCR,Amcor,Materials,Not yet,41.720001220703125,17.317091606259115,34.63418321251823,1.409180604301001,1,11.291293734743695,0.10675165290767086,
AEE,Ameren,Utilities,Not yet,102.19000244140625,12.817269079549307,25.634538159098614,6.972837412335854,0,,0.056134328521462606,
AEP,American Electric Power,Utilities,Not yet,122.80999755859375,12.387094978417855,24.77418995683571,8.914350198538616,0,13.555428244056145,0.04736766843650786,
AXP,American Express,Financials,Not yet,308.1700134277344,78.44440809786867,156.88881619573735,2.928514739294812,2,3.5235268387177405,0.08842768548292512,
AIG,American International Group,Financials,Not yet,77.04000091552734,1.0265711555292227,2.0531423110584455,74.04594347949639,0,,0.007124218560516038,
AMT,American Tower,Real Estate,Not yet,182.24000549316406,,,,1,9.837271381752828,-0.06780516064687914,
AWK,American Water Works,Utilities,Not yet,128.8800048828125,19.71940737050268,39.43881474100536,5.53569361702005,0,,0.0707649818521916,
AMP,Ameriprise Financial,Financials,Not yet,500.510009765625,84.27343067491627,168.54686134983254,4.939119907154797,1,,0.05500953315980439,
AME,Ametek,Industrials,Not yet,248.5800018310547,70.4667629270829,140.9335258541658,2.5276205618850205,2,1.366011672046018,0.13056508558323876,
AMGN,Amgen,Health Care,Not yet,414.8699951171875,,,,1,6.741234567901235,-0.07971921035923213,
APH,Amphenol,Information Technology,Not yet,87.23999786376953,25.049999999999997,50.099999999999994,2.4826346452602612,5,3.540805372193417,0.15,
ADI,Analog Devices,Information Technology,Not yet,406.19000244140625,68.39999999999999,136.79999999999998,4.9384503280907355,2,1.9036532551155154,0.15,
AON,Aon plc,Financials,Not yet,273.4700012207031,63.18315598938185,126.3663119787637,3.3282105323555013,3,4.738657551274083,0.07373252183625056,
APA,APA Corporation,Energy,Not yet,45.880001068115234,13.884890652353008,27.769781304706015,2.3043112990119345,0,,0.15,
APO,Apollo Global Management,Financials,Not yet,118.6500015258789,36.65619193124327,73.31238386248654,2.2368338137369266,1,,0.10165879104675346,
AAPL,Apple Inc.,Information Technology,Not yet,336.6400146484375,,,,2,0.9181001751597193,-0.00469479549813101,
AMAT,Applied Materials,Information Technology,Not yet,507.0299987792969,77.49841409570742,154.99682819141483,5.5424564450200915,2,1.132853632853633,0.15,
APP,AppLovin,Communication Services,Not yet,277.0400085449219,0.04332421297084533,0.08664842594169066,6393.576832390554,2,,0.0001794424668801753,
APTV,Aptiv,Consumer Discretionary,Not yet,43.79999923706055,11.25,22.5,2.893333265516493,0,5.005232177894048,0.15,
ACGL,Arch Capital Group,Financials,Not yet,95.56999969482422,70.0434712702968,140.0869425405936,0.3644383689383539,2,0.0,0.14721134386812995,
ADM,Archer Daniels Midland,Consumer Staples,Not yet,79.88999938964844,4.487069592614794,8.974139185229587,16.804493052913262,1,1.8106565176022835,0.04998232561299587,
ARES,Ares Management,Financials,Not yet,117.22000122070312,,,,1,0.0,,
ANET,Arista Networks,Information Technology,Not yet,216.74000549316406,41.25,82.5,4.254303163470644,3,,0.15,
AJG,Arthur J. Gallagher & Co.,Financials,Not yet,232.6999969482422,,,,1,,,
AIZ,Assurant,Financials,Not yet,266.489990234375,42.38589306860762,84.77178613721524,5.287233108501994,2,,0.057763802391017194,
T,AT&T,Communication Services,Not yet,22.18000030517578,0.5078535239838637,1.0157070479677275,42.67401082734343,0,6.929225388334533,0.006344212993985909,
ATO,Atmos Energy,Utilities,Not yet,161.66000366210938,50.53212723460609,101.06425446921217,2.1991529450475857,0,,0.10414177972117633,
ADSK,Autodesk,Information Technology,Not yet,235.35000610351562,18.010915142687573,36.021830285375145,12.06707650549715,4,1.03777501037775,0.07049575832927957,
ADP,Automatic Data Processing,Industrials,Not yet,270.8800048828125,18.053327559256,36.106655118512,14.004436384024475,1,,0.04357813440494129,
AZO,AutoZone,Consumer Discretionary,Not yet,2939.85009765625,,,,1,4.915855715945656,,
AVY,Avery Dennison,Materials,Not yet,167.82000732421875,63.82641953049045,127.6528390609809,1.6293188394196174,0,4.490454800673779,0.10664077970300356,
AXON,Axon Enterprise,Industrials,Not yet,422.8900146484375,22.65,45.3,17.670640823330576,2,24.11691373316818,0.15,
BKR,Baker Hughes,Energy,Not yet,56.70000076293945,,,,1,2.127709893575089,,
BALL,Ball Corporation,Materials,Not yet,58.459999084472656,49.49999999999999,98.99999999999999,0.18101008251459927,0,8.874365482233502,0.15,
BAC,Bank of America,Financials,Not yet,54.31999969482422,9.262932753190915,18.52586550638183,4.864233406651036,1,,0.05667466746120242,
BAX,Baxter International,Health Care,Not yet,24.350000381469727,,,,0,28.427710843373493,-0.029468207342693065,
BDX,Becton Dickinson,Health Care,Not yet,183.75,29.78881014151696,59.57762028303392,5.1684236170247635,0,6.599625468164794,0.10080617253986812,
BRK-B,Berkshire Hathaway,Financials,Not yet,515.6199951171875,,,,0,0.0,,
BBY,Best Buy,Consumer Discretionary,Not yet,87.01000213623047,1.5823108733938689,3.1646217467877378,53.98919561211404,1,0.9348171701112877,0.011345983303919116,
TECH,Bio-Techne,Health Care,Not yet,72.45999908447266,5.616373658220332,11.232747316440664,11.901563089275145,0,0.7598120225056321,0.08590937755175498,
BIIB,Biogen,Health Care,Not yet,225.7100067138672,59.61474943516858,119.22949887033715,2.7861436784084495,1,3.0655354008191926,0.11838941103160616,
BLK,BlackRock,Financials,Not yet,1082.3900146484375,315.4497685165924,630.8995370331849,2.4312594989002334,2,3.5945945945945947,0.11822627049522039,
BX,Blackstone Inc.,Financials,Not yet,114.29000091552734,30.92795668892828,61.85591337785656,2.6953621626236095,2,2.7656301608503036,0.1119168593927855,
XYZ,"Block, Inc.",Financials,Not yet,77.23999786376953,31.500000000000004,63.00000000000001,1.4520634242466515,1,,0.15,
BE,Bloom Energy,Industrials,Not yet,280.5,,,,2,45.77511802762721,0.15,
BNY,BNY Mellon,Financials,Not yet,142.7100067138672,20.18761420748604,40.37522841497208,6.069186345999568,1,6.156654433069345,0.061031041603843095,
BA,Boeing,Industrials,Not yet,190.3699951171875,,,,0,,-0.02392601025544805,
BKNG,Booking Holdings,Consumer Discretionary,Not yet,160.33999633789062,,,,3,2.061846594035435,,
BSX,Boston Scientific,Health Care,Not yet,42.72999954223633,21.704965719513716,43.40993143902743,0.9686739013745682,3,3.0445598687807545,0.1315370351004539,
BMY,Bristol Myers Squibb,Health Care,Not yet,59.119998931884766,0.5870737432287293,1.1741474864574586,99.70284970801542,0,3.489840404826781,0.006437633983305657,
AVGO,Broadcom,Information Technology,Not yet,361.5400085449219,71.55,143.1,4.0529700705090415,5,2.4201530801813185,0.15,
BR,Broadridge Financial Solutions,Industrials,Not yet,165.4499969482422,73.16731119660069,146.33462239320139,1.2612556651655238,3,2.5458385481852317,0.10928909501695605,
BRO,Brown & Brown,Financials,Not yet,62.880001068115234,40.74532858945674,81.49065717891348,0.54324442199703,3,5.508683068017366,0.15,
BF-B,Brown–Forman,Consumer Staples,Not yet,26.389999389648438,11.617545801420263,23.235091602840527,1.2715640498204208,1,2.7256438969764836,0.1090834821736355,
BG,Bunge Global,Consumer Staples,Not yet,102.7300033569336,25.04149436887123,50.08298873774246,3.102391089113115,1,,0.15,
BXP,"BXP, Inc.",Real Estate,Not yet,59.04999923706055,,,,0,,-0.013489193912906927,
CHRW,C.H. Robinson,Industrials,Not yet,142.30999755859375,15.4340806415726,30.8681612831452,8.220503693318372,1,1.2173974260552403,0.06736006906224778,
CDNS,Cadence Design Systems,Information Technology,Not yet,352.8399963378906,60.89999999999999,121.79999999999998,4.793760202592622,4,0.0,0.15,
CPT,Camden Property Trust,Real Estate,Not yet,97.58000183105469,2.7802459500587284,5.560491900117457,34.097614953451675,0,,0.024855937254134375,
COF,Capital One,Financials,Not yet,199.25999450683594,20.968091063649194,41.93618212729839,8.503010736741698,2,1.9094491201224177,0.09296632636399438,
CAH,Cardinal Health,Health Care,Not yet,237.57000732421875,,,,3,1.963756906077348,,
CCL,Carnival Corporation,Consumer Discretionary,Not yet,26.350000381469727,,,,2,10.503644035289605,-0.11731005388769566,
CARR,Carrier Global,Industrials,Not yet,55.560001373291016,19.208336030573932,38.416672061147864,1.8924942423360407,0,5.409240924092409,0.15,
CVNA,Carvana,Consumer Discretionary,Not yet,63.72999954223633,25.349999999999998,50.699999999999996,1.514003926715437,3,5.532058492688414,0.15,
CASY,Casey's,Consumer Staples,Not yet,646.27001953125,226.58032266619736,453.1606453323947,1.8522777791403708,3,3.216201047642804,0.1445157292310315,
CAT,Caterpillar Inc.,Industrials,Not yet,800.469970703125,52.48453932379429,104.96907864758857,14.251538472401634,1,3.4420273603947074,0.061908477039881005,
CBOE,Cboe Global Markets,Financials,Not yet,304.1600036621094,156.3,312.6,0.9460013030205332,3,0.8580518553758325,0.15,
CBRE,CBRE Group,Real Estate,Not yet,130.8000030517578,43.25493800748728,86.50987601497457,2.023932274024223,2,4.292539815590947,0.1385676399719744,
CDW,CDW Corporation,Information Technology,Not yet,142.1699981689453,71.31371390840157,142.62742781680313,0.9935856706545201,2,5.173972980424593,0.1193317407433816,
COR,Cencora,Health Care,Not yet,323.8500061035156,56.72424437424388,113.44848874848776,4.709199120694897,2,2.388662605518501,0.10562361073156779,
CNC,Centene Corporation,Health Care,Not yet,65.36000061035156,,,,1,4.048368433233048,0.15,
CNP,CenterPoint Energy,Utilities,Not yet,38.599998474121094,6.501199722640723,13.002399445281446,4.937365428060124,0,,0.07774700651893385,
CF,CF Industries,Materials,Not yet,111.54000091552734,22.162774882861598,44.325549765723196,4.032763338754159,2,1.7841287458379578,0.05727203746107623,
CRL,Charles River Laboratories,Health Care,Not yet,301.7900085449219,,,,0,4.1206378473039225,0.15,
SCHW,Charles Schwab Corporation,Financials,Not yet,96.69999694824219,32.5374539012801,65.0749078025602,1.971959552878161,3,2.5332648636311768,0.10464044938028572,
CHTR,Charter Communications,Communication Services,Not yet,103.37999725341797,,,,0,21.447713897691262,-0.0416720729319513,
CVX,Chevron Corporation,Energy,Not yet,211.97999572753906,4.284881626396302,8.569763252792605,48.471610702538776,1,2.5389344262295084,0.021198374299933098,
CMG,Chipotle Mexican Grill,Consumer Discretionary,Not yet,31.59000015258789,1.9994507656838187,3.9989015313676375,14.799338845827497,2,0.0,0.04548047571867775,
CB,Chubb Limited,Financials,Not yet,341.20001220703125,96.2634121572811,192.5268243145622,2.544441284187575,2,,0.07563934108074943,
CHD,Church & Dwight,Consumer Staples,Not yet,98.11000061035156,12.958435822126887,25.916871644253774,6.571129876865696,1,2.0174748398902103,0.08023264037630895,
CIEN,Ciena,Information Technology,Not yet,449.7699890136719,10.520432404192068,21.040864808384136,41.752043997207984,1,2.3083668524497516,0.1377547373786534,
CI,Cigna,Health Care,Not yet,282.42999267578125,18.44519874840369,36.89039749680738,14.311843289312547,1,,0.0260216557760673,
CINF,Cincinnati Financial,Financials,Not yet,163.38999938964844,72.36803182296941,144.73606364593883,1.2577648621057138,3,0.2554980595084088,0.10025102416027831,
CTAS,Cintas,Industrials,Not yet,202.41000366210938,42.84305276303486,85.68610552606972,3.7244533385993783,3,0.759677329328744,0.11687631474341997,
CSCO,Cisco,Information Technology,Not yet,118.38999938964844,0.07612072243377838,0.15224144486755675,1554.2926404848881,1,1.791493694681601,0.0009163455088772032,
C,Citigroup,Financials,Not yet,129.63999938964844,11.65090831436183,23.30181662872366,10.127029403350804,0,,0.043886304667017706,
CFG,Citizens Financial Group,Financials,Not yet,63.56999969482422,8.088285658219027,16.176571316438054,6.859514658736942,0,,0.05136858627034968,
CLX,Clorox,Consumer Staples,Not yet,83.80000305175781,52.729262769885274,105.45852553977055,0.5892504209184137,0,3.264126149802891,0.11258113074492027,
CME,CME Group,Financials,Not yet,280.55999755859375,9.922593453882921,19.845186907765843,27.274865725633923,2,0.0,0.027439531486108892,
CMS,CMS Energy,Utilities,Not yet,65.48999786376953,14.646572263390913,29.293144526781827,3.4713532071569873,0,,0.07869561816733084,
KO,Coca-Cola Company (The),Consumer Staples,Not yet,88.05000305175781,2.458832930819403,4.917665861638806,34.80967293390497,3,8.297016616314199,0.025450054459946303,
CTSH,Cognizant,Information Technology,Not yet,59.20000076293945,16.762142518710178,33.524285037420356,2.5317681314819658,1,0.2092485549132948,0.0733027902094383,
COHR,Coherent Corp.,Information Technology,Not yet,312.6199951171875,61.800000000000004,123.60000000000001,4.058575972770024,2,,0.15,
COIN,Coinbase,Financials,Not yet,179.38999938964844,66.75,133.5,1.6874906275602761,1,,0.15,
CL,Colgate-Palmolive,Consumer Staples,Not yet,88.2699966430664,,,,1,2.1571271326362136,-0.11209906296082961,
CMCSA,Comcast,Communication Services,Not yet,20.65999984741211,26.902251577186895,53.80450315437379,-0.23203454595109851,2,4.24697391860412,0.10382444908876365,
FIX,Comfort Systems USA,Industrials,Not yet,1715.68994140625,316.10948570036027,632.2189714007205,4.427518056299488,5,0.14079749634738567,0.15,
COP,ConocoPhillips,Energy,Not yet,134.10000610351562,,,,0,,-0.47446800742078754,
ED,Consolidated Edison,Utilities,Not yet,106.0999984741211,9.084210968484394,18.168421936968787,10.679605289024103,0,,0.04283722001436763,
STZ,Constellation Brands,Consumer Staples,Not yet,122.63999938964844,,,,0,5.739409141583055,,
CEG,Constellation Energy,Utilities,Not yet,298.07000732421875,60.80667532973623,121.61335065947246,3.9019290350586537,1,5.747670807453416,0.11347409997202962,
COO,Cooper Companies (The),Health Care,Not yet,54.369998931884766,16.516905937026984,33.03381187405397,2.291778686588033,1,5.662208900161402,0.1175728527298805,
CPRT,Copart,Industrials,Not yet,27.31999969482422,23.25,46.5,0.17505375031502024,1,,0.15,
GLW,Corning Inc.,Information Technology,Not yet,156.67999267578125,,,,0,,-0.003145699144799674,
CPAY,Corpay,Financials,Not yet,397.9200134277344,41.61204397324015,83.2240879464803,8.562616382978653,2,7.698668739825039,0.06160436777007128,
CSGP,CoStar Group,Real Estate,Not yet,29.670000076293945,0.3,0.6,97.90000025431316,1,1.1382113821138211,0.15,
COST,Costco,Consumer Staples,Not yet,946.9199829101562,172.13707876919915,344.2741575383983,4.500964636327909,3,0.6567895971008314,0.11398296970798683,
CRH,CRH plc,Materials,Not yet,81.54000091552734,18.458776322727008,36.917552645454016,3.4174109642973898,1,6.020947802197802,0.06932912844023731,
CRWD,CrowdStrike,Information Technology,Not yet,275.0400085449219,,,,1,0.5689571613161243,0.15,
CCI,Crown Castle,Real Estate,Not yet,79.63999938964844,,,,1,8.465043478260869,,
CSX,CSX Corporation,Industrials,Not yet,47.2599983215332,4.006880670456763,8.013761340913526,10.794710701016664,1,11.030391583869083,0.05921422463906367,
CMI,Cummins,Industrials,Not yet,523.3900146484375,86.17456397384052,172.34912794768104,5.073602122400292,2,2.8860016764459346,0.07929038809790279,
CVS,CVS Health,Health Care,Not yet,86.16000366210938,3.6950835039808396,7.390167007961679,22.317471328939188,0,8.270782630972205,0.06003334934312554,
DHR,Danaher Corporation,Health Care,Not yet,219.80999755859375,29.301800179423825,58.60360035884765,6.501586803972123,0,3.5015209125475284,0.09484973851989698,
DRI,Darden Restaurants,Consumer Discretionary,Not yet,197.66000366210938,7.471635296684757,14.943270593369514,25.454717851366915,2,1.4634080957912607,0.023160983972342786,
DDOG,Datadog,Information Technology,Not yet,293.260009765625,4.6499999999999995,9.299999999999999,62.06666876680108,1,0.0,0.15,
DVA,DaVita,Health Care,Not yet,179.25,,,,1,7.8383235314763215,,
DECK,Deckers Brands,Consumer Discretionary,Not yet,82.88999938964844,81.60132851048681,163.20265702097362,0.015792278173461627,3,0.0,0.1338731959028061,
DE,Deere & Company,Industrials,Not yet,620.9299926757812,175.84407847915008,351.68815695830017,2.531139621226456,2,,0.15,
DELL,Dell Technologies,Information Technology,Not yet,586.0599975585938,,,,3,3.6836997193638914,,
DAL,Delta Air Lines,Industrials,Not yet,82.16999816894531,40.16816534060437,80.33633068120874,1.0456497694676385,4,3.462919594067135,0.08978721986535332,
DVN,Devon Energy,Energy,Not yet,48.2599983215332,5.171583628522338,10.343167257044676,8.331764076166046,0,2.6896441167040717,0.03542315092446091,
DXCM,Dexcom,Health Care,Not yet,84.11000061035156,31.349999999999998,62.699999999999996,1.682934628719348,3,,0.15,
FANG,Diamondback Energy,Energy,Not yet,192.1300048828125,57.41657396999807,114.83314793999614,2.3462464162909886,1,,0.15,
DLR,Digital Realty,Real Estate,Not yet,178.75999450683594,13.244018824535859,26.488037649071718,12.497413200264056,1,,0.07358113189324111,
DG,Dollar General,Consumer Staples,Not yet,127.2300033569336,27.887828064518022,55.775656129036044,3.5622055278951494,2,1.9137631207961432,0.07783549675954715,
DLTR,Dollar Tree,Consumer Staples,Not yet,118.63999938964844,,,,1,2.3012207816788113,-0.007971046051358566,
D,Dominion Energy,Utilities,Not yet,61.63999938964844,6.489327232713261,12.978654465426523,8.498673310680937,0,,0.047735569115026744,
DPZ,Domino's,Consumer Discretionary,Not yet,309.3599853515625,,,,2,0.021742238318759086,,
DASH,DoorDash,Consumer Discretionary,Not yet,196.5,,,,2,0.0,-0.2124809638516969,
DOV,Dover Corporation,Industrials,Not yet,188.8300018310547,57.50481667549651,115.00963335099301,2.283724959887011,2,2.977406235070347,0.11257701791803987,
DOW,Dow Inc.,Materials,Not yet,28.420000076293945,,,,0,,0.06073515233139992,
DHI,D. R. Horton,Consumer Discretionary,Not yet,134.8800048828125,63.45666959274735,126.9133391854947,1.125544970267843,1,0.0,0.15,
DTE,DTE Energy,Utilities,Not yet,126.9000015258789,8.928721811771377,17.857443623542753,13.21256078989688,0,,0.03605615544872687,
DUK,Duke Energy,Utilities,Not yet,116.6500015258789,2.8065867861385034,5.613173572277007,40.56294118607109,1,,0.015438073044288236,
DD,DuPont,Industrials,Not yet,130.0,,,,0,13.806167400881057,0.10209486237772625,
ETN,Eaton Corporation,Industrials,Not yet,429.6499938964844,17.067130453371494,34.13426090674299,24.17412022309878,0,2.784688995215311,0.04326074239167066,
EBAY,eBay Inc.,Consumer Discretionary,Not yet,112.19000244140625,10.642828032319299,21.285656064638598,9.541371344225098,1,4.704323570432357,0.06226381485107768,
ECHO,EchoStar,Communication Services,Not yet,94.83999633789062,,,,0,,-0.04580215952085831,
ECL,Ecolab,Materials,Not yet,281.8299865722656,11.021703593006546,22.04340718601309,24.570455982058114,2,4.266817203171769,0.04098676704282522,
EIX,Edison International,Utilities,Not yet,55.29999923706055,3.6169862110351243,7.233972422070249,14.288971538886393,1,,0.011320255177530658,
EW,Edwards Lifesciences,Health Care,Not yet,85.20999908447266,27.45,54.9,2.104189401984432,2,0.44816479400749065,0.15,
ELV,Elevance Health,Health Care,Not yet,412.70001220703125,123.04367490156318,246.08734980312636,2.354093678827437,0,10.04914933837429,0.08750271142909116,
EME,Emcor,Industrials,Not yet,789.4500122070312,250.34684911657044,500.6936982331409,2.153424998129036,4,,0.1330981311410011,
EMR,Emerson Electric,Industrials,Not yet,161.8300018310547,32.244117535620134,64.48823507124027,4.0189000102819,0,3.346081739782527,0.11597900944074047,
ETR,Entergy,Utilities,Not yet,102.80000305175781,5.378577550560573,10.757155101121146,18.11286061889052,1,,0.03823830307399678,
EOG,EOG Resources,Energy,Not yet,148.16000366210938,35.513135035075,71.02627007015,3.17197759408673,1,,0.08703110791330015,
EQT,EQT Corporation,Energy,Not yet,52.83000183105469,13.755872067874314,27.51174413574863,2.8405418115536802,2,2.748988115355378,0.07876885608850803,
EFX,Equifax,Industrials,Not yet,145.77999877929688,17.503124804909298,35.006249609818596,7.328798451943182,1,4.508683769725822,0.06857177334831399,
EQIX,Equinix,Real Estate,Not yet,1026.06005859375,124.19944613282216,248.39889226564432,7.261389970261657,1,,0.11881839038466935,
ERIE,Erie Indemnity,Financials,Not yet,222.0399932861328,,,,2,,,
ESS,Essex Property Trust,Real Estate,Not yet,271.57000732421875,,,,0,,-0.01075614490214094,
EL,Estée Lauder Companies (The),Consumer Staples,Not yet,98.05000305175781,0.1301610288319557,0.2603220576639114,752.297695413465,0,5.169452887537994,0.009574289433226912,
EG,Everest Group,Financials,Not yet,368.3699951171875,,,,1,0.0,-0.45921269453674574,
EVRG,Evergy,Utilities,Not yet,80.95999908447266,3.116696614706374,6.233393229412748,24.97622068906439,0,,0.026517291055010883,
P,Everpure,Information Technology,Not yet,154.49000549316406,,,,2,,-0.047149749345701375,
ES,Eversource Energy,Utilities,Not yet,65.7300033569336,4.51555704650131,9.03111409300262,13.556344362399702,0,,0.02985217552271502,
EXC,Exelon,Utilities,Not yet,41.7599983215332,,,,0,,0.03282785676187272,
EXE,Expand Energy,Energy,Not yet,88.22000122070312,27.699536251864053,55.39907250372811,2.184890910033424,1,2.723762914627515,0.15,
EXPE,Expedia Group,Consumer Discretionary,Not yet,274.2200012207031,,,,1,1.9810289389067524,-0.12333976861086182,
EXPD,Expeditors International,Industrials,Not yet,193.24000549316406,19.645340234786485,39.29068046957297,8.836429564655198,1,0.0,0.06871985296350713,
EXR,Extra Space Storage,Real Estate,Not yet,134.64999389648438,63.10680261506739,126.21360523013477,1.1336842989464868,1,0.0,0.14438474287505754,
FFIV,"F5, Inc.",Information Technology,Not yet,479.8299865722656,124.44843361973152,248.89686723946303,2.8556530814879437,3,,0.12926011309837193,
FDS,FactSet,Financials,Not yet,287.17999267578125,233.25,466.5,0.231211115437433,3,2.215970744379338,0.15,
FICO,Fair Isaac,Information Technology,Not yet,667.5800170898438,,,,3,3.9690226462393734,,
FAST,Fastenal,Industrials,Not yet,50.75,4.981815159408668,9.963630318817335,9.187049975981832,2,0.11897963068722635,0.0831707131428907,
FRT,Federal Realty Investment Trust,Real Estate,Not yet,106.16000366210938,8.186919380941253,16.373838761882507,11.96702687817406,0,,0.04539797775557908,
FDX,FedEx,Industrials,Not yet,291.7099914550781,168.6492600956597,337.2985201913194,0.729684383374211,3,4.5846364347146205,0.12769988629327367,
FDXF,FedEx Freight,Industrials,Not yet,115.47000122070312,,,,0,,,
FERG,Ferguson Enterprises,Industrials,Not yet,220.0399932861328,67.0633514820163,134.1267029640326,2.2810766003118514,1,2.604491578290705,0.1116654244491313,
FIS,Fidelity National Information Services,Financials,Not yet,34.040000915527344,,,,0,4.21882640586797,-0.019548853665962707,
FITB,Fifth Third Bancorp,Financials,Not yet,50.63999938964844,7.355136274647563,14.710272549295127,5.884984519484646,0,3.457760814249364,0.051173917025731486,
FSLR,First Solar,Information Technology,Not yet,177.82000732421875,27.437868949002514,54.87573789800503,5.480824281751782,3,0.23802717249395652,0.048599992355396804,
FE,FirstEnergy,Utilities,Not yet,45.0,,,,0,,-0.029816517108221863,
FISV,Fiserv,Financials,Not yet,45.630001068115234,95.1,190.2,-0.5201892632164539,1,6.745056989997674,0.15,
FLEX,Flex Ltd.,Information Technology,Not yet,119.83000183105469,27.7053857709873,55.4107715419746,3.325151897236494,2,3.5655893536121672,0.14776965080526416,
F,Ford Motor Company,Consumer Discretionary,Not yet,12.170000076293945,,,,0,,0.023581165428468776,
FTNT,Fortinet,Information Technology,Not yet,194.75,7.399739239307373,14.799478478614747,25.318494976889063,3,0.44761434091113306,0.0655563941916193,
FTV,Fortive,Industrials,Not yet,57.2599983215332,6.434011863389301,12.868023726778603,7.899579226353781,0,3.277783457724159,0.07381246887866566,
FOXA,Fox Corporation (Class A),Communication Services,Not yet,62.40999984741211,12.732663580867818,25.465327161735637,3.9015667029159378,0,4.5,0.07217852973177741,
FOX,Fox Corporation (Class B),Communication Services,Not yet,55.88999938964844,12.057269262341158,24.114538524682317,3.635377893086571,0,4.5,0.07217852973177741,
BEN,Franklin Resources,Financials,Not yet,32.0,0.5298235560468699,1.0596471120937399,59.397465599225214,0,2.5910487055726197,0.019430803199761648,
FCX,Freeport-McMoRan,Materials,Not yet,73.69000244140625,,,,1,8.404121863799283,0.06114539511948247,
GRMN,Garmin,Consumer Discretionary,Not yet,268.3599853515625,,,,3,0.0,-0.448031736509621,
IT,Gartner,Information Technology,Not yet,191.14999389648438,144.75,289.5,0.32055263486345,1,,0.15,
GE,GE Aerospace,Industrials,Not yet,308.20001220703125,,,,2,2.8178689427312777,-0.09417665294640976,
GEHC,GE HealthCare,Health Care,Not yet,65.73999786376953,4.9587557650042315,9.917511530008463,12.257357486271243,1,6.6465116279069765,0.032134795033201824,
GEV,GE Vernova,Industrials,Not yet,1004.72998046875,,,,1,0.0,-0.014866244151400698,
GEN,Gen Digital,Information Technology,Not yet,23.25,,,,3,5.381483913328956,-0.025949323573352445,
GNRC,Generac,Industrials,Not yet,224.94000244140625,40.35,80.7,4.574721250096809,0,4.499638232485977,0.15,
GD,General Dynamics,Industrials,Not yet,331.2699890136719,104.26231931009544,208.52463862019087,2.1772743135361647,2,2.0394038898711795,0.11397408833776934,
GIS,General Mills,Consumer Staples,Not yet,32.290000915527344,,,,0,8.282358728401894,0.054544491179207455,
GM,General Motors,Consumer Discretionary,Not yet,82.7300033569336,9.497430129138843,18.994860258277686,7.710777782203589,3,0.0,0.0995753919329625,
GPC,Genuine Parts Company,Consumer Discretionary,Not yet,127.0199966430664,0.788341059232085,1.57668211846417,160.1231524167919,0,11.39338930543281,0.04408109476270039,
GILD,Gilead Sciences,Health Care,Not yet,151.1699981689453,10.02746153580105,20.0549230716021,14.075599904245257,2,2.6371615905245345,0.0403032562405603,
GPN,Global Payments,Financials,Not yet,82.19999694824219,86.7,173.4,-0.051903149385903236,0,10.570412929420552,0.15,
GL,Globe Life,Financials,Not yet,164.1699981689453,47.02435372555184,94.04870745110368,2.491169684693391,2,1.8508493851617385,0.08508674916691827,
GDDY,GoDaddy,Information Technology,Not yet,104.3499984741211,,,,2,2.3994287527768963,-0.14417590971898564,
GS,Goldman Sachs,Financials,Not yet,895.3200073242188,181.00933059689783,362.01866119379565,3.9462643962706467,1,,0.07602086938447683,
HAL,Halliburton,Energy,Not yet,32.54999923706055,,,,0,4.2811004784688995,-0.038319625394339085,
HIG,Hartford (The),Financials,Not yet,129.11000061035156,25.17944421061808,50.35888842123616,4.1275953325413886,1,0.75977750738745,0.04789897067386417,
HAS,Hasbro,Consumer Discretionary,Not yet,93.31999969482422,,,,0,3.9340884443908903,-0.11135309389848469,
HCA,HCA Healthcare,Health Care,Not yet,451.0899963378906,,,,2,5.757280291211648,,
DOC,Healthpeak Properties,Real Estate,Not yet,18.799999237060547,,,,0,27.58436458362511,-0.060860205618574637,
HSIC,Henry Schein,Health Care,Not yet,84.01000213623047,11.355574789733991,22.711149579467982,6.398128557277411,0,4.0890052356020945,0.07085132623448831,
HSY,Hershey Company (The),Consumer Staples,Not yet,162.74000549316406,,,,0,2.8443479477381644,,
HPE,Hewlett Packard Enterprise,Information Technology,Not yet,73.45999908447266,,,,0,34.685805422647526,0.0019588703234953986,
HLT,Hilton Worldwide,Consumer Discretionary,Not yet,326.55999755859375,,,,1,6.096153846153846,,
HD,Home Depot (The),Consumer Discretionary,Not yet,290.739990234375,92.87004354941591,185.74008709883182,2.1306111112101824,1,3.906136327692551,0.10093385767066332,
HON,Honeywell Technologies,Industrials,Not yet,207.72999572753906,0.6552785921366016,1.3105571842732031,316.01019722041366,1,5.357063814090742,0.003322327913682921,
HRL,Hormel Foods,Consumer Staples,Not yet,19.190000534057617,2.866315434501774,5.732630869003548,5.695006524078968,0,5.3474863806238995,0.06862956824936695,
HST,Host Hotels & Resorts,Real Estate,Not yet,22.649999618530273,0.01914766727254833,0.03829533454509666,1181.9116986487004,0,,0.0006993033617970212,
HWM,Howmet Aerospace,Industrials,Not yet,225.25999450683594,,,,4,2.1313766596785464,-0.07477413708679015,
HPQ,HP Inc.,Information Technology,Not yet,30.200000762939453,,,,0,3.4725,,
HUBB,Hubbell Incorporated,Industrials,Not yet,474.1099853515625,89.49835611565776,178.9967122313155,4.297415571956152,3,2.3279981708014175,0.0913395667636765,
HUM,Humana,Health Care,Not yet,431.8699951171875,40.91260442510545,81.8252088502109,9.555915498065346,1,32.984,0.07879002212186936,
HBAN,Huntington Bancshares,Financials,Not yet,15.319999694824219,4.69951910235995,9.3990382047199,2.259907952524546,0,7.77471783295711,0.0719987797199535,
HII,Huntington Ingalls Industries,Industrials,Not yet,264.79998779296875,120.95956723745198,241.91913447490396,1.1891611704690388,1,3.4005037783375314,0.15,
IBM,IBM,Information Technology,Not yet,227.1300048828125,65.12326785678407,130.24653571356814,2.4876936056450023,1,5.061973227565692,0.09509333257800101,
IEX,IDEX Corporation,Industrials,Not yet,234.2899932861328,51.25095970023252,102.50191940046504,3.571426460236019,1,2.966601815823606,0.11194302349168184,
IDXX,Idexx Laboratories,Health Care,Not yet,518.0,196.2,392.4,1.6401630988786953,3,0.42568125555159303,0.15,
ITW,Illinois Tool Works,Industrials,Not yet,264.1300048828125,,,,1,2.837827853712597,-0.02437728019487928,
ILMN,"Illumina, Inc.",Health Care,Not yet,278.1700134277344,7.324805894574677,14.649611789149354,36.97643479314159,0,,0.03759304481825865,
INCY,Incyte,Health Care,Not yet,112.79000091552734,96.15,192.3,0.17306293203876577,3,,0.15,
IR,Ingersoll Rand,Industrials,Not yet,78.75,21.75,43.5,2.6206896551724137,0,3.92156380624539,0.15,
PODD,Insulet Corporation,Health Care,Not yet,135.27999877929688,52.2,104.4,1.591570857840936,1,2.5131056393963465,0.15,
INTC,Intel,Information Technology,Not yet,104.69999694824219,,,,0,,0.07290315323903185,
IBKR,Interactive Brokers,Financials,Not yet,87.87000274658203,25.642952110009947,51.285904220019894,2.4266726533518432,3,0.0,0.13348545335242834,
ICE,Intercontinental Exchange,Financials,Not yet,156.19000244140625,17.922572195285216,35.84514439057043,7.714709068517198,0,4.580088598740965,0.06619606515687115,
IFF,International Flavors & Fragrances,Materials,Not yet,84.55000305175781,,,,0,22.01953125,0.1089336775155334,
IP,International Paper,Materials,Not yet,32.119998931884766,,,,0,,0.12860359657680465,
INTU,Intuit,Information Technology,Not yet,302.75,246.9,493.8,0.22620494127176993,4,0.8852591481011197,0.15,
ISRG,Intuitive Surgical,Health Care,Not yet,423.9599914550781,109.63310817443713,219.26621634887425,2.867079922431058,5,0.0,0.14522438267217685,
IVZ,Invesco,Financials,Not yet,29.510000228881836,,,,0,1.2665510062456626,0.03881765913766744,
INVH,Invitation Homes,Real Estate,Not yet,26.790000915527344,,,,1,,-0.0024713641390223806,
IQV,IQVIA,Health Care,Not yet,259.8800048828125,,,,0,7.666504144319844,-0.04513051755116104,
IRM,Iron Mountain,Real Estate,Not yet,114.51000213623047,,,,1,,,
JBHT,J.B. Hunt,Industrials,Not yet,229.25999450683594,62.43808873347978,124.87617746695956,2.671797121872902,2,1.5479318478025719,0.12598933882443708,
JBL,Jabil,Information Technology,Not yet,306.2799987792969,,,,2,2.46160409556314,-0.4915303269035016,
JKHY,Jack Henry & Associates,Financials,Not yet,149.30999755859375,33.78302566811926,67.56605133623852,3.419675106232307,2,0.05756580130875849,0.08589227305031932,
J,Jacobs Solutions,Industrials,Not yet,139.14999389648438,0.36909210911141266,0.7381842182228253,376.006146870729,0,3.6815787394316115,0.005914596293694396,
JNJ,Johnson & Johnson,Health Care,Not yet,261.44000244140625,10.38239429781315,20.7647885956263,24.181089731534616,1,2.1036653467357094,0.028696440924080857,
JCI,Johnson Controls,Industrials,Not yet,157.44000244140625,3.7402671379143944,7.480534275828789,41.09325073213786,2,4.337264150943396,0.023781545387351333,
JPM,JPMorgan Chase,Financials,Not yet,332.989990234375,63.474157196565635,126.94831439313127,4.2460718651714835,0,,0.07102775264362515,
KVUE,Kenvue,Consumer Staples,Not yet,17.700000762939453,,,,0,,-0.21660151314554177,
KDP,Keurig Dr Pepper,Consumer Staples,Not yet,31.760000228881836,3.205569960569787,6.411139921139574,8.907754508417133,1,9.256478405315615,0.0513641885826881,
KEY,KeyCorp,Financials,Not yet,19.969999313354492,2.038722313739387,4.077444627478774,8.795350342110048,0,4.72013326987149,0.03753683494836335,
KEYS,Keysight Technologies,Information Technology,Not yet,382.75,73.65,147.3,4.196877121520705,3,1.9781420765027322,0.15,
KMB,Kimberly-Clark,Consumer Staples,Not yet,97.58999633789062,52.133702842072964,104.26740568414593,0.8719176083371063,2,4.201342281879195,0.12416558386898147,
KIM,Kimco Realty,Real Estate,Not yet,22.15999984741211,,,,0,7.0067128715567595,0.02329989966795898,
KMI,Kinder Morgan,Energy,Not yet,32.4900016784668,,,,0,10.645797301971637,-0.013224779523585917,
KKR,KKR & Co.,Financials,Not yet,90.94999694824219,,,,0,,,
KLAC,KLA Corporation,Information Technology,Not yet,195.57000732421875,52.72415186031092,105.44830372062184,2.709305895377289,3,1.5628366285882052,0.15,
KHC,Kraft Heinz,Consumer Staples,Not yet,22.270000457763672,,,,1,5.7959573886916145,-0.07110422129164895,
KR,Kroger,Consumer Staples,Not yet,61.63999938964844,1.316882401785496,2.633764803570992,45.80752002310441,1,4.593460648148148,0.026605372780497127,
LHX,L3Harris,Industrials,Not yet,236.97000122070312,87.05710998468348,174.11421996936696,1.7220062929081243,2,4.144668158090977,0.12601083961057213,
LH,Labcorp,Health Care,Not yet,312.1499938964844,58.636409196352666,117.27281839270533,4.323484131697152,0,4.630762852404644,0.09310757865729036,
LRCX,Lam Research,Information Technology,Not yet,318.8399963378906,47.61875214908025,95.2375042981605,5.695681468924191,4,0.7609628373267212,0.11381549313979211,
LVS,Las Vegas Sands,Consumer Discretionary,Not yet,36.16999816894531,,,,1,8.508894878706199,-0.12318625605269795,
LDOS,Leidos,Industrials,Not yet,121.68000030517578,9.037438480195837,18.074876960391673,12.463992100396466,3,2.860307692307692,0.02551136938636578,
LEN,Lennar,Consumer Discretionary,Not yet,76.69000244140625,,,,0,208.45882269453216,,
LII,Lennox International,Industrials,Not yet,356.44000244140625,285.1041842320199,570.2083684640398,0.25020965020749286,2,1.8196618659987476,0.15,
LLY,Lilly (Eli),Health Care,Not yet,1179.27001953125,97.88426917152772,195.76853834305544,11.04759487415443,3,,0.07995567634831269,
LIN,Linde plc,Materials,Not yet,483.7300109863281,,,,1,4.417174297504421,-0.01885815654538181,
LYV,Live Nation Entertainment,Communication Services,Not yet,170.3300018310547,,,,2,24.578470134378062,-0.15305157430572425,
LMT,Lockheed Martin,Industrials,Not yet,509.5899963378906,161.77950049298167,323.55900098596334,2.1499046219394016,1,3.1412854661262304,0.11329499032079915,
L,Loews Corporation,Financials,Not yet,106.69000244140625,22.979676748503117,45.959353497006234,3.6427982259740004,1,3.5144444444444445,0.06319974807340034,
LOW,Lowe's,Consumer Discretionary,Not yet,186.0,,,,1,5.204417723173441,,
LULU,Lululemon Athletica,Consumer Discretionary,Not yet,94.5,198.9,397.8,-0.5248868778280543,2,0.0,0.15,
LITE,Lumentum,Information Technology,Not yet,1103.35498046875,,,,2,5.45618127290903,0.15,
LYB,LyondellBasell,Materials,Not yet,60.029998779296875,,,,0,33.104166666666664,,
MTB,M&T Bank,Financials,Not yet,217.49000549316406,29.966965380970198,59.933930761940395,6.257658649389834,1,,0.045640345911810876,
MPC,Marathon Petroleum,Energy,Not yet,455.0299987792969,41.95054261925258,83.90108523850516,9.846820335774813,1,6.896580658695196,0.08764851302178411,
MAR,Marriott International,Consumer Discretionary,Not yet,365.8800048828125,,,,1,0.008819018404907975,,
MRSH,Marsh McLennan,Financials,Not yet,175.75999450683594,50.7172822535238,101.4345645070476,2.465485268478168,4,3.9166166766646673,0.0967002240444661,
MLM,Martin Marietta Materials,Materials,Not yet,478.3500061035156,134.2699501663898,268.5399003327796,2.562599118497739,2,5.4427402862985685,0.10583006043910825,
MRVL,Marvell Technology,Information Technology,Not yet,275.2799987792969,7.0461723831076535,14.092344766215307,38.06801931772878,1,3.2015181896304785,0.05457705628352327,
MAS,Masco,Industrials,Not yet,68.75,,,,1,3.403002309468822,,
MA,Mastercard,Financials,Not yet,589.1400146484375,32.11502998686052,64.23005997372104,17.3446820659821,4,1.107290634652369,0.04882531706191484,
MKC,McCormick & Company,Consumer Staples,Not yet,44.810001373291016,29.64717751771607,59.29435503543214,0.5114424078485784,0,4.882360886007564,0.1254993739473964,
MCD,McDonald's,Consumer Discretionary,Not yet,235.22999572753906,,,,1,5.562621764542166,,
MCK,McKesson Corporation,Health Care,Not yet,938.8400268554688,,,,3,1.1411085854170309,,
MDT,Medtronic,Health Care,Not yet,88.4800033569336,0.4899960269786847,0.9799920539573694,179.5728995447193,0,4.823626981201622,0.005053256901913716,
MRK,Merck & Co.,Health Care,Not yet,145.60000610351562,8.581997452131366,17.163994904262733,15.965747999302355,0,3.9684466019417477,0.03410328580705735,
META,Meta Platforms,Communication Services,Not yet,718.6699829101562,301.7215587277565,603.443117455513,1.3818980186252205,3,1.27402459389707,0.15,
MET,MetLife,Financials,Not yet,98.33000183105469,,,,1,,-0.03520079454248637,
MTD,Mettler Toledo,Health Care,Not yet,1549.989990234375,,,,0,2.4606680272621864,,
MGM,MGM Resorts,Consumer Discretionary,Not yet,29.270000457763672,,,,2,4.265902108321334,-0.007314861959219043,
MCHP,Microchip Technology,Information Technology,Not yet,75.55000305175781,0.5891004066203853,1.1782008132407706,127.24639433739523,0,6.3104477611940295,0.06031240273909555,
MU,Micron Technology,Information Technology,Getting close,1029.0,939.9095534374592,1879.8191068749184,0.0947861911145782,5,0.047351729050421454,0.15,
MSFT,Microsoft,Information Technology,Not yet,535.0700073242188,269.25,538.5,0.9872609371373027,4,0.601519697851822,0.15,
MAA,Mid-America Apartment Communities,Real Estate,Not yet,116.86000061035156,,,,0,0.0,-0.02214810375150955,
MRNA,Moderna,Health Care,Not yet,225.0,,,,0,,0.15,
MDLZ,Mondelez International,Consumer Staples,Not yet,60.40999984741211,0.8282615776896214,1.6565231553792428,71.93589546423443,0,5.723956723338485,0.015240364410437968,
MPWR,Monolithic Power Systems,Information Technology,Not yet,1386.2900390625,192.89999999999998,385.79999999999995,6.186573556570763,3,0.0,0.15,
MNST,Monster Beverage,Consumer Staples,Not yet,43.63999938964844,,,,3,,0.07254622930627752,
MCO,Moody's Corporation,Financials,Not yet,464.2300109863281,205.04999999999998,410.09999999999997,1.2639844476290083,2,2.716116504854369,0.15,
MS,Morgan Stanley,Financials,Not yet,190.02000427246094,28.41067217484031,56.82134434968062,5.688331874130641,1,,0.06180166271563037,
MOS,Mosaic Company (The),Materials,Not yet,18.739999771118164,2.2025852148378315,4.405170429675663,7.508183767363535,0,,0.03659184596470322,
MSI,Motorola Solutions,Information Technology,Not yet,444.17999267578125,191.24999999999997,382.49999999999994,1.3225097656250004,3,3.27099533437014,0.15,
MSCI,MSCI,Financials,Not yet,565.1199951171875,,,,2,4.003622040026415,,
NDAQ,"Nasdaq, Inc.",Financials,Not yet,93.6500015258789,10.097987949713474,20.195975899426948,8.274124904113812,2,4.310206133735545,0.06829057829113183,
NTAP,NetApp,Information Technology,Not yet,237.14999389648438,,,,1,1.3306581059390048,-0.036021720860174855,
NFLX,Netflix,Communication Services,Not yet,70.30000305175781,37.95,75.9,0.8524374980700344,3,1.423094342669891,0.15,
NEM,Newmont,Materials,Not yet,117.83999633789062,7.341712445980907,14.683424891961813,15.050750721298012,3,0.700780928894369,0.03344907469448355,
NWSA,News Corp (Class A),Communication Services,Not yet,29.1200008392334,,,,0,2.4525277435265105,-0.02591069164023918,
NWS,News Corp (Class B),Communication Services,Not yet,32.0099983215332,,,,0,2.4525277435265105,-0.02591069164023918,
NEE,NextEra Energy,Utilities,Not yet,77.37999725341797,13.519484431880679,27.038968863761358,4.723590839821229,0,,0.07811909599712585,
NKE,"Nike, Inc.",Consumer Discretionary,Not yet,34.709999084472656,2.6798093404490095,5.359618680898019,11.95241365143421,0,3.6364468864468864,0.03618261745226925,
NI,NiSource,Utilities,Not yet,40.7599983215332,4.139297705694057,8.278595411388114,8.847080644975925,0,,0.05181670674433092,
NDSN,Nordson Corporation,Industrials,Not yet,328.1700134277344,118.71099812112647,237.42199624225293,1.764444900824496,2,3.0195261036279617,0.15,
NSC,Norfolk Southern,Industrials,Not yet,317.7900085449219,30.385168870140014,60.77033774028003,9.458721157782314,1,7.921650440426518,0.055941262536798764,
NTRS,Northern Trust,Financials,Not yet,168.2100067138672,24.025369067221728,48.050738134443456,6.001349541945615,1,,0.06132639060372225,
NOC,Northrop Grumman,Industrials,Not yet,480.7200012207031,277.0527265054565,554.105453010913,0.7351209904488538,2,4.746295736316903,0.1493650881736186,
NCLH,Norwegian Cruise Line Holdings,Consumer Discretionary,Not yet,15.569999694824219,,,,0,,-0.11907542173088304,
NRG,NRG Energy,Utilities,Not yet,107.97000122070312,,,,0,21.466057441253263,-0.06485471155489186,
NUE,Nucor,Materials,Not yet,250.3300018310547,49.59137231048564,99.18274462097128,4.047853894096105,0,,0.14540150012948128,
NVDA,Nvidia,Information Technology,Not yet,229.27999877929688,73.50000000000001,147.00000000000003,2.1194557657047186,4,0.0875915428855145,0.15,
NVR,"NVR, Inc.",Consumer Discretionary,Not yet,5899.16015625,3645.590218149232,7291.180436298464,0.618163261159079,0,,0.15,
NXPI,NXP Semiconductors,Information Technology,Not yet,227.52000427246094,14.357878227029893,28.715756454059786,14.846352829775064,1,4.556335121749897,0.046415268072168336,
ORLY,O'Reilly Automotive,Consumer Discretionary,Not yet,86.44999694824219,,,,2,3.7766677671923663,,
OXY,Occidental Petroleum,Energy,Not yet,60.11000061035156,0.5658762961300019,1.1317525922600038,105.22463075665243,0,5.212423873325213,0.012551684769978921,
ODFL,Old Dominion,Industrials,Not yet,181.97000122070312,44.36231534370695,88.7246306874139,3.1019049571883226,1,0.04187524015835008,0.11970483749857186,
OMC,Omnicom Group,Communication Services,Not yet,76.4800033569336,,,,2,3.3255271840481995,0.15,
ON,ON Semiconductor,Information Technology,Not yet,77.52999877929688,4.35,8.7,16.82298822512572,2,2.1010150852953617,0.15,
OKE,Oneok,Energy,Not yet,89.80000305175781,61.66481837764715,123.3296367552943,0.45625991309672576,1,13.075602778912955,0.15,
ORCL,Oracle Corporation,Information Technology,Not yet,141.39999389648438,5.506356725641599,11.012713451283197,24.6794103509537,4,,0.02877266188515759,
OTIS,Otis Worldwide,Industrials,Not yet,65.94999694824219,,,,1,5.360803324099723,,
PCAR,Paccar,Industrials,Not yet,108.04000091552734,27.94230951288994,55.88461902577988,2.866537977674605,1,0.0,0.10886052070126118,
PKG,Packaging Corporation of America,Materials,Not yet,230.50999450683594,59.54954030266691,119.09908060533382,2.8708946086778204,1,5.479687071095251,0.11753760737825858,
PLTR,Palantir Technologies,Information Technology,Not yet,209.0500030517578,7.01096831117536,14.02193662235072,28.81756496011197,4,,0.13121231722041138,
PANW,Palo Alto Networks,Information Technology,Not yet,418.7799987792969,6.0,12.0,68.79666646321614,3,,0.15,
PH,Parker Hannifin,Industrials,Not yet,962.5599975585938,293.0916229651201,586.1832459302402,2.2841607270131528,3,1.9134443021766965,0.13660866010743966,
PAYX,Paychex,Industrials,Not yet,103.9800033569336,16.649196085550205,33.29839217110041,5.245346791679484,2,1.9623137221121543,0.07001237478651712,
PYPL,PayPal,Financials,Not yet,55.529998779296875,16.133549292616216,32.26709858523243,2.441896000200718,2,1.7949317038102084,0.06454575950508823,
PNR,Pentair,Industrials,Not yet,52.470001220703125,7.3224888597805275,14.644977719561055,6.165596592287035,1,2.196514745308311,0.04717779892230056,
PEP,PepsiCo,Consumer Staples,Not yet,125.97000122070312,16.878699177711518,33.757398355423035,6.463252937587021,1,6.041579770594369,0.062228255890407036,
PFE,Pfizer,Health Care,Not yet,28.280000686645508,2.2963524102448645,4.592704820489729,11.315183227312204,0,7.122644628099174,0.044287218723573885,
PCG,PG&E Corporation,Utilities,Not yet,13.130000114440918,,,,0,,-0.08004847067990861,
PM,Philip Morris International,Consumer Staples,Not yet,201.19000244140625,,,,1,4.563672168042011,,
PSX,Phillips 66,Energy,Not yet,278.17999267578125,24.207765011212118,48.415530022424235,10.491353809281396,0,,0.05376289382953736,
PNW,Pinnacle West Capital,Utilities,Not yet,98.91999816894531,6.081793342001359,12.163586684002718,15.264939074104305,0,,0.03465483100072775,
PNC,PNC Financial Services,Financials,Not yet,219.2100067138672,43.51652002677208,87.03304005354416,4.0373974430631305,0,,0.05952277850680132,
PPG,PPG Industries,Materials,Not yet,103.95999908447266,22.199444105229194,44.39888821045839,3.683000105393826,1,6.274290627687017,0.06740277311665999,
PPL,PPL Corporation,Utilities,Not yet,34.25,1.655553157852072,3.311106315704144,19.687949424974203,0,,0.031031626321762262,
PFG,Principal Financial Group,Financials,Not yet,107.23999786376953,11.713677457212414,23.42735491442483,8.155109337395926,0,,0.05356646406246757,
PG,Procter & Gamble,Consumer Staples,Not yet,151.22999572753906,1.7201799399383162,3.4403598798766324,86.91521876075477,1,1.934310424506503,0.009558291938613461,
PGR,Progressive Corporation,Financials,Buy zone,217.42999267578125,246.41510973362537,492.83021946725074,-0.11762719051269632,4,,0.15,
PLD,Prologis,Real Estate,Not yet,129.49000549316406,13.00653191012842,26.01306382025684,8.955767331976318,1,,0.07303700163378357,
PRU,Prudential Financial,Financials,Not yet,113.08999633789062,0.197459294889128,0.394918589778256,571.725616190364,0,,0.0007933165835596334,
PEG,Public Service Enterprise Group,Utilities,Not yet,72.27999877929688,3.847225686741746,7.694451373483492,17.787563991472393,0,867.1153846153846,0.027986039785143246,
PTC,PTC Inc.,Information Technology,Not yet,194.4499969482422,91.19999999999999,182.39999999999998,1.1321271595201998,5,1.368565918981006,0.15,
PSA,Public Storage,Real Estate,Not yet,289.8599853515625,,,,0,,-0.0005276427652177729,
PHM,PulteGroup,Consumer Discretionary,Not yet,112.12000274658203,54.72901665417917,109.45803330835834,1.0486390876533394,1,0.025106760924729472,0.15,
PWR,Quanta Services,Industrials,Not yet,705.9400024414062,88.47281943966006,176.94563887932011,6.979173794985353,4,3.69869621227826,0.14088440487702014,
QCOM,Qualcomm,Information Technology,Not yet,175.5,0.013000940122017149,0.026001880244034298,13498.023790040383,2,1.1553042121684867,0.00010487210996523721,
DGX,Quest Diagnostics,Health Care,Not yet,230.97000122070312,29.670925155346122,59.341850310692244,6.784388252520897,0,4.172921265636497,0.06984086515430854,
Q,Qnity Electronics,Information Technology,Not yet,126.5999984741211,,,,0,4.149797570850202,,
RL,Ralph Lauren Corporation,Consumer Discretionary,Not yet,371.2799987792969,1.7824983587708179,3.5649967175416357,207.2919162042458,2,,0.004560195083393559,
RJF,Raymond James Financial,Financials,Not yet,158.3800048828125,54.2608830556586,108.5217661113172,1.918861543781968,3,,0.11347712747059968,
RDDT,Reddit,Communication Services,Not yet,159.91000366210938,,,,2,0.0,-0.010559172850619913,
RTX,RTX Corporation,Industrials,Not yet,185.97000122070312,28.596272459012823,57.192544918025646,5.503295193010027,2,4.748110831234257,0.094525304833182,
O,Realty Income,Real Estate,Not yet,54.18000030517578,2.3176004704175233,4.6352009408350465,22.377627419714443,0,,0.049453660653941744,
REG,Regency Centers,Real Estate,Not yet,72.05000305175781,,,,0,,,
REGN,Regeneron Pharmaceuticals,Health Care,Not yet,746.5399780273438,472.55325458743636,945.1065091748727,0.5798007331027952,1,0.4866805538536944,0.15,
RF,Regions Financial Corporation,Financials,Not yet,27.030000686645508,5.114845203959384,10.229690407918769,4.284617541450067,1,,0.053449679779440595,
RSG,Republic Services,Industrials,Not yet,216.8800048828125,16.583294650770465,33.16658930154093,12.078221755695342,2,5.691158156911581,0.05651824236020353,
RMD,ResMed|,Health Care,Not yet,230.0500030517578,137.86480795402684,275.7296159080537,0.6686637182164106,4,0.24213661472503917,0.14188315718779076,
RVTY,Revvity,Health Care,Not yet,154.17999267578125,21.88964241056251,43.77928482112502,6.043513538685496,0,6.321151290411867,0.12813060982160418,
HOOD,Robinhood Markets,Financials,Not yet,109.0199966430664,,,,1,0.0,-0.09444913974768743,
ROK,Rockwell Automation,Industrials,Not yet,432.5899963378906,25.287684878471453,50.575369756942905,16.106745770395694,1,1.9263622974963182,0.06865930419599953,
ROL,"Rollins, Inc.",Industrials,Not yet,31.979999542236328,7.64642990812547,15.29285981625094,3.18234390774351,4,0.7478942987995773,0.10477680383089849,
ROP,Roper Technologies,Information Technology,Not yet,364.0899963378906,165.95751712090518,331.91503424181036,1.193874689464291,1,,0.1342053845149993,
ROST,Ross Stores,Consumer Discretionary,Not yet,222.41000366210938,62.02616850460542,124.05233700921085,2.585744678805938,3,0.6874436041181224,0.12106839794061841,
RCL,Royal Caribbean Group,Consumer Discretionary,Not yet,282.260009765625,0.1011435424110935,0.202287084822187,2789.687403634644,1,17.269417475728154,0.0002614438154735499,
SPGI,S&P Global,Financials,Not yet,407.82000732421875,208.0416272469253,416.0832544938506,0.9602807991891731,2,2.398826979472141,0.15,
CRM,Salesforce,Information Technology,Not yet,229.1300048828125,116.99999999999999,233.99999999999997,0.9583761101095087,0,1.0025690876267186,0.15,
SNDK,Sandisk,Information Technology,Not yet,1581.8199462890625,386.8555012853834,773.7110025707668,3.0889167687501837,1,0.0,0.09926947481769655,
SBAC,SBA Communications,Real Estate,Not yet,182.49000549316406,,,,2,12.095789158835041,,
SLB,Schlumberger,Energy,Not yet,48.95000076293945,,,,1,2.0316996871741395,-0.042146420132663565,
STX,Seagate Technology,Information Technology,Not yet,783.0,37.09674545546749,74.19349091093498,20.106972872861487,3,1.1481481481481481,0.06018452222468795,
SRE,Sempra,Utilities,Not yet,81.33999633789062,10.414492972140646,20.828985944281293,6.810269453873528,0,,0.07460777176187694,
NOW,ServiceNow,Information Technology,Not yet,140.86000061035156,25.049999999999997,50.099999999999994,4.623153716980103,4,0.0,0.15,
SHW,Sherwin-Williams,Materials,Not yet,319.3599853515625,153.9,307.8,1.075113615019899,2,3.643858327053504,0.15,
SPG,Simon Property Group,Real Estate,Not yet,199.4199981689453,3.9512628278092348,7.9025256556184695,49.46994008229847,2,8.878311975654276,0.01019297654615392,
SKYD,Skydance Corporation,Communication Services,Not yet,9.15999984741211,,,,0,29.65439672801636,,
SWKS,Skyworks Solutions,Information Technology,Not yet,76.3499984741211,15.059953163356967,30.119906326713934,4.069736781113744,0,0.44890576957858563,0.08638227040289004,
SJM,J.M. Smucker Company (The),Consumer Staples,Not yet,119.83000183105469,,,,0,5.658882546272271,,
SW,Smurfit Westrock,Materials,Not yet,41.290000915527344,19.461008837404528,38.922017674809055,1.1216783395199412,2,11.019166666666667,0.15,
SNA,Snap-on,Industrials,Not yet,360.3699951171875,102.7130038555152,205.4260077110304,2.5085138355423275,2,,0.1061129544442585,
SOLV,Solventum,Health Care,Not yet,87.29000091552734,,,,1,,-0.24896892770495282,
SO,Southern Company,Utilities,Not yet,86.16999816894531,5.202138874153518,10.404277748307036,15.564340217266253,0,,0.03724454564620916,
LUV,Southwest Airlines,Industrials,Not yet,41.65999984741211,0.976170303129129,1.952340606258258,41.67697932816675,0,,0.035326681314352015,
SWK,Stanley Black & Decker,Industrials,Not yet,88.56999969482422,4.710754669887008,9.421509339774016,17.80165831198946,0,7.6436982119494115,0.04590798496154758,
SBUX,Starbucks,Consumer Discretionary,Not yet,90.75,,,,0,6.582637182637183,,
STT,State Street Corporation,Financials,Not yet,174.9600067138672,28.78977475458685,57.5795495091737,5.077157886967913,0,,0.065622708299226,
STLD,Steel Dynamics,Materials,Not yet,238.3800048828125,46.42919947517536,92.85839895035072,4.134269114639138,1,8.396983902582008,0.15,
STE,Steris,Health Care,Not yet,214.39999389648438,50.89209950936808,101.78419901873616,3.212834525661851,2,1.8642533936651584,0.10005171767295629,
SYK,Stryker Corporation,Health Care,Not yet,277.3299865722656,53.95675054799646,107.91350109599291,4.139857084714,3,3.4692972215736635,0.10009869428919616,
SMCI,Supermicro,Information Technology,Not yet,41.86000061035156,33.3334965045848,66.6669930091696,0.2557938710268213,4,,0.15,
SYF,Synchrony Financial,Financials,Not yet,72.80000305175781,31.703002256744284,63.40600451348857,1.2963125845998018,2,,0.11509329809978142,
SNPS,Synopsys,Information Technology,Not yet,509.989990234375,120.59999999999998,241.19999999999996,3.2287727216780686,3,9.994793033263809,0.15,
SYY,Sysco,Consumer Staples,Not yet,78.13999938964844,,,,2,6.974200206398349,-0.009166699831110292,
TMUS,T-Mobile US,Communication Services,Not yet,148.5800018310547,62.66286220598324,125.32572441196648,1.3711014243595758,1,4.794776326757432,0.10028916356209816,
TROW,T. Rowe Price,Financials,Not yet,105.16000366210938,44.37672378469145,88.7534475693829,1.3697108459905327,1,0.0,0.10446104210655038,
TTWO,Take-Two Interactive,Communication Services,Not yet,213.44000244140625,,,,1,5.391115926327194,,
TPR,"Tapestry, Inc.",Consumer Discretionary,Not yet,116.23999786376953,,,,3,1.312551724137931,-0.11216222137519305,
TRGP,Targa Resources,Energy,Not yet,286.70001220703125,,,,3,29.845060777264166,-0.06352166761552613,
TGT,Target Corporation,Consumer Staples,Not yet,153.63999938964844,19.654068331361913,39.308136662723825,6.817211011955512,1,5.078659611992945,0.05646583457381604,
TEL,TE Connectivity,Information Technology,Not yet,218.2899932861328,16.714992249601607,33.429984499203215,12.059533024392257,2,1.5117077739619107,0.060823601863917,
TDY,Teledyne Technologies,Information Technology,Not yet,613.6599731445312,270.4277896797725,540.855579359545,1.2692193500941515,1,2.3048417132216015,0.15,
TER,Teradyne,Information Technology,Not yet,402.67999267578125,10.795810020071242,21.591620040142484,36.29965532249371,1,,0.06626202854211227,
TSLA,"Tesla, Inc.",Consumer Discretionary,Not yet,382.70001220703125,16.2,32.4,22.623457543643905,1,1.0585209003215434,0.15,
TXN,Texas Instruments,Information Technology,Not yet,283.739990234375,16.25178099432443,32.50356198864886,16.459008974675747,0,5.39684978870534,0.0645431507309766,
TPL,Texas Pacific Land Corporation,Energy,Not yet,360.9800109863281,104.55,209.1,2.4527021615143774,2,0.0,0.15,
TXT,Textron,Industrials,Not yet,74.16000366210938,29.088839076251848,58.177678152503695,1.5494315351571957,0,0.0,0.0938816276783403,
TMO,Thermo Fisher Scientific,Health Care,Not yet,658.02001953125,119.91332982595276,239.82665965190552,4.487463491225937,0,6.224694104560623,0.10279161601330711,
TJX,TJX Companies,Consumer Discretionary,Not yet,138.75999450683594,38.310595584227464,76.62119116845493,2.621974349152736,2,0.58348586536506,0.11103896991153706,
TKO,TKO Group Holdings,Communication Services,Not yet,178.00999450683594,,,,1,,-0.3769260232243331,
TSCO,Tractor Supply,Consumer Discretionary,Not yet,33.70000076293945,10.997461682751156,21.994923365502313,2.064343549002388,1,0.2025688430213008,0.09067072381336105,
TT,Trane Technologies,Industrials,Not yet,476.9800109863281,61.83819550773462,123.67639101546924,6.7133559132828875,2,1.6415080917659612,0.0851366108331073,
TDG,TransDigm Group,Industrials,Not yet,1107.989990234375,,,,3,16.129405286343612,,
TRV,Travelers Companies (The),Financials,Not yet,368.75,87.25521036502387,174.51042073004774,3.226108658237937,1,,0.0675446659916965,
TRMB,Trimble Inc.,Information Technology,Not yet,60.09000015258789,13.347655902805254,26.69531180561051,3.5019140881477835,1,3.857578276530895,0.10901630083142178,
TFC,Truist Financial,Financials,Not yet,46.11000061035156,4.354910238847305,8.70982047769461,9.588048451385845,0,,0.03325280694475463,
TWLO,Twilio,Information Technology,Not yet,289.4700012207031,3.15,6.3,90.8952384827629,0,,0.15,
TYL,Tyler Technologies,Information Technology,Not yet,329.54998779296875,84.65068404939194,169.30136809878388,2.8930575871151034,2,0.9406065302229862,0.13457214991432487,
TSN,Tyson Foods,Consumer Staples,Not yet,53.43000030517578,5.677892290386883,11.355784580773767,8.410182083875906,0,6.72982158028887,0.07999855771191289,
USB,U.S. Bancorp,Financials,Not yet,57.08000183105469,8.921066506758592,17.842133013517184,5.398338336320094,0,,0.04860140713567884,
UBER,Uber,Industrials,Not yet,71.51000213623047,49.59649869097306,99.19299738194611,0.4418356945274815,1,1.0857318447198607,0.12762301051162517,
UDR,"UDR, Inc.",Real Estate,Not yet,34.119998931884766,,,,2,,-0.010096236148952942,
ULTA,Ulta Beauty,Consumer Discretionary,Not yet,570.3699951171875,189.08788075481036,378.1757615096207,2.016428090686491,2,0.0,0.10748470970553758,
UNP,Union Pacific Corporation,Industrials,Not yet,278.3399963378906,10.289623758869908,20.579247517739816,26.050551396299085,1,5.785415530096381,0.026698741171716556,
UAL,United Airlines Holdings,Industrials,Not yet,107.45999908447266,25.33818808816626,50.67637617633252,3.241029339215455,1,8.316777473601878,0.06936809455433668,
UPS,United Parcel Service,Industrials,Not yet,94.56999969482422,92.70187506905982,185.40375013811965,0.020151961590557876,1,4.949632738719832,0.15,
URI,United Rentals,Industrials,Not yet,1056.3699951171875,289.613891171406,579.227782342812,2.64751148794856,1,,0.15,
UNH,UnitedHealth Group,Health Care,Not yet,379.29998779296875,122.54660635002466,245.09321270004932,2.095148850630676,2,4.49891135303266,0.12159143149646412,
UHS,Universal Health Services,Health Care,Not yet,177.35000610351562,101.59191380388894,203.18382760777789,0.7457098647227833,2,5.596207219353661,0.10337394307715453,
VLO,Valero Energy,Energy,Not yet,433.75,22.609336341987255,45.21867268397451,18.18455249809758,1,,0.0646067768095413,
VEEV,Veeva Systems,Health Care,Not yet,296.1300048828125,81.6,163.2,2.6290441774854476,3,0.0,0.15,
VTR,Ventas,Real Estate,Not yet,82.04000091552734,,,,0,,-0.0055711186932424495,
VLTO,Veralto,Industrials,Not yet,96.93000030517578,,,,1,2.636094674556213,-0.018861554006122327,
VRSN,Verisign,Information Technology,Not yet,303.739990234375,,,,0,,,
VRSK,Verisk Analytics,Industrials,Not yet,177.6300048828125,,,,1,4.004950079704673,-0.12245496870942929,
VZ,Verizon,Communication Services,Not yet,41.650001525878906,23.668600309908168,47.337200619816336,0.7597154449578225,0,,0.15,
VRTX,Vertex Pharmaceuticals,Health Care,Not yet,510.0799865722656,229.79999999999998,459.59999999999997,1.2196692192004597,1,0.0,0.15,
VRT,Vertiv,Industrials,Not yet,242.77999877929688,51.150000000000006,102.30000000000001,3.7464320386959304,5,1.5381772098426445,0.15,
VTRS,Viatris,Health Care,Not yet,17.639999389648438,,,,0,7.4409684580042335,,
VICI,Vici Properties,Real Estate,Not yet,22.8799991607666,9.428844338706572,18.857688677413144,1.4265963397912271,0,,0.0725483531570783,
V,Visa Inc.,Financials,Not yet,385.45001220703125,,,,3,1.166566251100709,,
VST,Vistra Corp.,Utilities,Not yet,161.47999572753906,,,,0,12.930955993930198,-0.02857131729631779,
VMRK,Vivmark Residential,Real Estate,Not yet,61.15999984741211,0.20734413972314794,0.4146882794462959,293.96854808182553,0,,0.002775154634941268,
VMC,Vulcan Materials Company,Materials,Not yet,244.5800018310547,26.943496289097396,53.88699257819479,8.077515375390359,2,3.842244340702898,0.06897927704755014,
WRB,W. R. Berkley Corporation,Financials,Not yet,71.91000366210938,20.648296472730635,41.29659294546127,2.4826119315498008,0,0.0,0.08766859088421453,
GWW,W. W. Grainger,Industrials,Not yet,1289.7900390625,167.71139339036097,335.42278678072194,6.690533201047445,2,1.8692712246431256,0.08487071364500287,
WAB,Wabtec,Industrials,Not yet,285.42999267578125,88.03197260289096,176.06394520578192,2.2423446190777256,1,3.696464309539693,0.1402926448929358,
WMT,Walmart,Consumer Staples,Not yet,111.3499984741211,4.070285754565235,8.14057150913047,26.356801263702643,2,2.5575286470548817,0.040537925254021445,
DIS,Walt Disney Company (The),Communication Services,Not yet,108.05000305175781,16.28952032021929,32.57904064043858,5.633099129238402,2,4.1704872481889455,0.055862676873857264,
WM,Waste Management,Industrials,Not yet,208.8300018310547,27.033190725169174,54.06638145033835,6.724948340508845,1,7.8821022727272725,0.07743010489332414,
WAT,Waters Corporation,Health Care,Not yet,433.7699890136719,25.975282847404724,51.95056569480945,15.699336502393901,2,2.6120301587595636,0.056413834305416355,
WEC,WEC Energy Group,Utilities,Not yet,103.73999786376953,5.0919233820292105,10.183846764058421,19.37344046257576,0,,0.031428514355198,
WFC,Wells Fargo,Financials,Not yet,83.55000305175781,9.78289315110612,19.56578630221224,7.540418643160903,1,,0.04192732143142508,
WELL,Welltower,Real Estate,Not yet,225.47000122070312,2.0568726324054527,4.113745264810905,108.6178721367995,2,,0.04031872885102983,
WST,West Pharmaceutical Services,Health Care,Not yet,366.0,64.23222203294274,128.4644440658855,4.698074711042843,2,0.4325015994881638,0.12153928403732595,
WDC,Western Digital,Information Technology,Not yet,397.2799987792969,,,,2,0.29962973511819996,-0.039996953869230634,
WY,Weyerhaeuser,Real Estate,Not yet,19.100000381469727,0.5180072944859431,1.0360145889718861,35.872068375840286,0,,0.033497212546618416,
WSM,"Williams-Sonoma, Inc.",Consumer Discretionary,Not yet,241.77999877929688,43.21875175367501,86.43750350735002,4.594330908891594,2,,0.1002497121260002,
WMB,Williams Companies,Energy,Not yet,72.66999816894531,1.652807460966123,3.305614921932246,42.967612613793015,0,28.518407960199006,0.024522825566429374,
WTW,Willis Towers Watson,Financials,Not yet,296.260009765625,95.92049194423899,191.84098388847798,2.088599774257293,2,6.264553686934024,0.0956930257192734,
WDAY,"Workday, Inc.",Information Technology,Not yet,186.58999633789062,38.849999999999994,77.69999999999999,3.8028313085686136,1,1.0756211739287,0.15,
WYNN,Wynn Resorts,Consumer Discretionary,Not yet,75.1500015258789,,,,0,15.236213920429922,,
XEL,Xcel Energy,Utilities,Not yet,73.77999877929688,10.963889455252875,21.92777891050575,5.7293636150215255,0,,0.06749374782981565,
XYL,Xylem Inc.,Industrials,Not yet,102.70999908447266,58.8,117.6,0.7467686919128003,1,2.147252747252747,0.15,
YUM,Yum! Brands,Consumer Discretionary,Not yet,144.82000732421875,,,,0,7.267236119585113,,
ZBRA,Zebra Technologies,Information Technology,Not yet,387.17999267578125,120.31682011883184,240.63364023766368,2.218003869229422,0,3.0108303249097474,0.1487260057440991,
ZBH,Zimmer Biomet,Health Care,Not yet,89.13999938964844,2.6231185253011176,5.246237050602235,32.982452005067415,0,5.106002987912536,0.023659818181414938,
ZTS,Zoetis,Health Care,Not yet,74.80999755859375,70.53166180193607,141.06332360387213,0.06065837167812549,0,3.9605781865965834,0.13435815803690088,
