Year,Fiscal year end,Revenue,Operating income,Pre-tax income,Income tax,Net income,"EPS (diluted, split-adjusted)",Diluted shares (split-adjusted),Shareholders' equity,Book value per share,Long-term debt,Operating cash flow,Capital expenditures,Free cash flow,Depreciation & amortization,Change in accounts receivable,Change in accounts payable,ROIC,P/E at fiscal year end
2013,2013-12-31,55519000000.0,15403000000.0,15899000000.0,2739000000.0,12733000000.0,0.046974999999999996,,86977000000.0,,0.0,18659000000.0,7358000000.0,11301000000.0,,1307000000.0,605000000.0,0.14658413595526046,594.2123275034095
2014,2014-12-31,66001000000.0,16496000000.0,17259000000.0,3639000000.0,14136000000.0,0.051425,,103860000000.0,,3002000000.0,23024000000.0,11014000000.0,12010000000.0,,1641000000.0,436000000.0,0.1218195045089888,510.41198344733687
2015,2015-12-31,74989000000.0,19360000000.0,19651000000.0,3303000000.0,16348000000.0,,,120331000000.0,,3225000000.0,26572000000.0,9950000000.0,16622000000.0,,2094000000.0,203000000.0,0.13035313677457774,
2016,2016-12-31,90272000000.0,23716000000.0,24150000000.0,4672000000.0,19478000000.0,0.069625,,139036000000.0,,4000000000.0,36036000000.0,10212000000.0,25824000000.0,,2578000000.0,110000000.0,0.13372829623108967,554.2692941223911
2017,2017-12-31,110855000000.0,26178000000.0,27193000000.0,14531000000.0,12662000000.0,0.045,,152502000000.0,,4026000000.0,37091000000.0,13184000000.0,23907000000.0,,3768000000.0,731000000.0,0.08362082183379331,1162.6666598849827
2018,2018-12-31,136819000000.0,27524000000.0,34913000000.0,4177000000.0,30736000000.0,0.10925000000000001,,177628000000.0,,4062000000.0,47971000000.0,25139000000.0,22832000000.0,,2169000000.0,1067000000.0,0.13336464195629014,473.96337304017084
2019,2019-12-31,161857000000.0,34231000000.0,39625000000.0,5282000000.0,34343000000.0,0.1229,,201442000000.0,,4685000000.0,54520000000.0,23548000000.0,30972000000.0,,4340000000.0,428000000.0,0.1439307732534928,543.9462809178575
2020,2020-12-31,182527000000.0,41224000000.0,48082000000.0,7813000000.0,40269000000.0,2.93,,222544000000.0,,15319000000.0,65124000000.0,22281000000.0,42843000000.0,,6524000000.0,694000000.0,0.1451481678311259,29.895563744033968
2021,2021-12-31,257637000000.0,78714000000.0,90734000000.0,14701000000.0,76033000000.0,5.61,,251635000000.0,,15440000000.0,91652000000.0,24640000000.0,67012000000.0,10273000000.0,9095000000.0,283000000.0,0.24697376069646282,25.78957297585227
2022,2022-12-31,282836000000.0,74842000000.0,71328000000.0,11356000000.0,59972000000.0,4.56,13159000000.0,256144000000.0,19.46530891405122,15312000000.0,91495000000.0,31485000000.0,60010000000.0,13475000000.0,2317000000.0,707000000.0,0.23181120515977194,19.458334069502982
2023,2023-12-31,307394000000.0,84293000000.0,85717000000.0,11922000000.0,73795000000.0,5.8,12722000000.0,283379000000.0,22.274720955824556,13000000000.0,101746000000.0,32251000000.0,69495000000.0,11946000000.0,7833000000.0,664000000.0,0.24485222599498233,24.29827459927263
2024,2024-12-31,350018000000.0,112390000000.0,119815000000.0,19697000000.0,100118000000.0,8.04,12447000000.0,325084000000.0,26.117458022013338,12000000000.0,125299000000.0,52535000000.0,72764000000.0,15311000000.0,5891000000.0,359000000.0,0.2786060260506722,23.6865674678366
2025,2025-12-31,402836000000.0,129039000000.0,158826000000.0,26656000000.0,132170000000.0,10.81,12230000000.0,415265000000.0,33.954619787408014,49085000000.0,164713000000.0,91447000000.0,73266000000.0,21136000000.0,8779000000.0,907000000.0,0.23125270980763746,29.028676021551224
